# fix of previous upgrade bug
alter table `ac_downloads` modify column `expire_days` int(11) null default null;

# New countries and zones
UPDATE `ac_countries` SET `iso_code_2`='JE', `iso_code_3`='JEY' WHERE ``country_id`` = 240;
INSERT INTO `ac_countries` (`country_id`, `iso_code_2`, `iso_code_3`, `address_format`, `status`, `sort_order`) VALUES
(241,'GG','GGY','',1,0),
(242,'ME','MNE','',1,0),
(243,'RS','SRB','',1,0),
(244,'AX','ALA','',1,0),
(245,'BQ','BES','',1,0),
(246,'CW','CUW','',1,0),
(247,'PS','PSE','',1,0),
(248,'SS','SSD','',1,0),
(249,'BL','BLM','',1,0),
(250,'MF','MAF','',1,0),
(251,'IC','ICA','',1,0),
(252,'AC','ASC','',1,0),
(253,'XK','UNK','',1,0),
(254,'IM','IMN','',1,0),
(255,'TA','SHN','',1,0);

UPDATE `ac_country_descriptions` SET `name`='Jersey' WHERE `country_id` = 240;
INSERT INTO `ac_country_descriptions` (`country_id`, `language_id`, `name`) VALUES
(240,1,'Jersey'),
(241,1,'Guernsey'),
(242,1,'Montenegro'),
(243,1,'Serbia'),
(244,1,'Aaland Islands'),
(245,1,'Bonaire, Sint Eustatius and Saba'),
(246,1,'Curacao'),
(247,1,'Palestinian Territory, Occupied'),
(248,1,'South Sudan'),
(249,1,'St. Barthelemy'),
(250,1,'St. Martin (French part)'),
(251,1,'Canary Islands'),
(252,1,'Ascension Island (British)'),
(253,1,'Kosovo, Republic of'),
(254,1,'Isle of Man'),
(255,1,'Tristan da Cunha');



UPDATE `ac_zones` SET `country_id`=222, `code`='ANT' WHERE `zone_id` = 3949;
UPDATE `ac_zones` SET `country_id`=222, `code`='ARM' WHERE `zone_id` = 3950;
UPDATE `ac_zones` SET `country_id`=222, `code`='DOW' WHERE `zone_id` = 3951;
UPDATE `ac_zones` SET `country_id`=222, `code`='FER' WHERE `zone_id` = 3952;
UPDATE `ac_zones` SET `country_id`=222, `code`='LDY' WHERE `zone_id` = 3953;
UPDATE `ac_zones` SET `country_id`=222, `code`='TYR' WHERE `zone_id` = 3954;

INSERT INTO `ac_zones` (`zone_id`, `country_id`, `code`, `status`, `sort_order`) VALUES
(3955, 222, 'CMA', 1, 0),
(3956, 190, '1', 1, 0),
(3957, 190, '2', 1, 0),
(3958, 190, '3', 1, 0),
(3959, 190, '4', 1, 0),
(3960, 190, '5', 1, 0),
(3961, 190, '6', 1, 0),
(3962, 190, '7', 1, 0),
(3963, 190, '8', 1, 0),
(3964, 190, '9', 1, 0),
(3965, 190, '10', 1, 0),
(3966, 190, '11', 1, 0),
(3967, 190, '12', 1, 0),
(3968,  33, '', 1, 0),
(3969, 101, 'ALB', 1, 0),
(3970,  21, 'BRU', 1, 0),
(3971, 138, 'AG', 1, 0),
(3972, 222, 'IOM', 1, 0),
(3973, 242, '01', 1, 0),
(3974, 242, '02', 1, 0),
(3975, 242, '03', 1, 0),
(3976, 242, '04', 1, 0),
(3977, 242, '05', 1, 0),
(3978, 242, '06', 1, 0),
(3979, 242, '07', 1, 0),
(3980, 242, '08', 1, 0),
(3981, 242, '09', 1, 0),
(3982, 242, '10', 1, 0),
(3983, 242, '11', 1, 0),
(3984, 242, '12', 1, 0),
(3985, 242, '13', 1, 0),
(3986, 242, '14', 1, 0),
(3987, 242, '15', 1, 0),
(3988, 242, '16', 1, 0),
(3989, 242, '17', 1, 0),
(3990, 242, '18', 1, 0),
(3991, 242, '19', 1, 0),
(3992, 242, '20', 1, 0),
(3993, 242, '21', 1, 0),
(3994, 243, '00', 1, 0),
(3995, 243, '01', 1, 0),
(3996, 243, '02', 1, 0),
(3997, 243, '03', 1, 0),
(3998, 243, '04', 1, 0),
(3999, 243, '05', 1, 0),
(4000, 243, '06', 1, 0),
(4001, 243, '07', 1, 0),
(4002, 243, '08', 1, 0),
(4003, 243, '09', 1, 0),
(4004, 243, '10', 1, 0),
(4005, 243, '11', 1, 0),
(4006, 243, '12', 1, 0),
(4007, 243, '13', 1, 0),
(4008, 243, '14', 1, 0),
(4009, 243, '15', 1, 0),
(4010, 243, '16', 1, 0),
(4011, 243, '17', 1, 0),
(4012, 243, '18', 1, 0),
(4013, 243, '19', 1, 0),
(4014, 243, '20', 1, 0),
(4015, 243, '21', 1, 0),
(4016, 243, '22', 1, 0),
(4017, 243, '23', 1, 0),
(4018, 243, '24', 1, 0),
(4019, 243, 'KM', 1, 0),
(4020, 245, 'BO', 1, 0),
(4021, 245, 'SA', 1, 0),
(4022, 245, 'SE', 1, 0),
(4023, 248, 'EC', 1, 0),
(4024, 248, 'EE', 1, 0),
(4025, 248, 'JG', 1, 0),
(4026, 248, 'LK', 1, 0),
(4027, 248, 'BN', 1, 0),
(4028, 248, 'UY', 1, 0),
(4029, 248, 'NU', 1, 0),
(4030, 248, 'WR', 1, 0),
(4031, 248, 'BW', 1, 0),
(4032, 248, 'EW', 1, 0);

UPDATE `ac_zone_descriptions` SET `country_id`=222, `code`='County Antrim'      WHERE `zone_id` = 3949;
UPDATE `ac_zone_descriptions` SET `country_id`=222, `code`='County Armagh'      WHERE `zone_id` = 3950;
UPDATE `ac_zone_descriptions` SET `country_id`=222, `code`='County Down'        WHERE `zone_id` = 3951;
UPDATE `ac_zone_descriptions` SET `country_id`=222, `code`='County Fermanagh'   WHERE `zone_id` = 3952;
UPDATE `ac_zone_descriptions` SET `country_id`=222, `code`='County Londonderry' WHERE `zone_id` = 3953;
UPDATE `ac_zone_descriptions` SET `country_id`=222, `code`='County Tyrone'      WHERE `zone_id` = 3954;

INSERT INTO `ac_zone_descriptions` (`zone_id`, `language_id`, `name`) VALUES
(3955, 1, 'Cumbria'),
(3956, 1, 'Pomurska'),
(3957, 1, 'Podravska'),
(3958, 1, 'Koroška'),
(3959, 1, 'Savinjska'),
(3960, 1, 'Zasavska'),
(3961, 1, 'Spodnjeposavska'),
(3962, 1, 'Jugovzhodna Slovenija'),
(3963, 1, 'Osrednjeslovenska'),
(3964, 1, 'Gorenjska'),
(3965, 1, 'Notranjsko-kraška'),
(3966, 1, 'Goriška'),
(3967, 1, 'Obalno-kraška'),
(3968, 1, 'Ruse'),
(3969, 1, 'Alborz'),
(3970, 1, 'Brussels-Capital Region'),
(3971, 1, 'Aguascalientes'),
(3972, 1, 'Isle of Man'),
(3973, 1, 'Andrijevica'),
(3974, 1, 'Bar'),
(3975, 1, 'Berane'),
(3976, 1, 'Bijelo Polje'),
(3977, 1, 'Budva'),
(3978, 1, 'Cetinje'),
(3979, 1, 'Danilovgrad'),
(3980, 1, 'Herceg-Novi'),
(3981, 1, 'Kolašin'),
(3982, 1, 'Kotor'),
(3983, 1, 'Mojkovac'),
(3984, 1, 'Nikšic'),
(3985, 1, 'Plav'),
(3986, 1, 'Pljevlja'),
(3987, 1, 'Plužine'),
(3988, 1, 'Podgorica'),
(3989, 1, 'Rožaje'),
(3990, 1, 'Šavnik'),
(3991, 1, 'Tivat'),
(3992, 1, 'Ulcinj'),
(3993, 1, 'Žabljak'),
(3994, 1, 'Belgrade'),
(3995, 1, 'North Backa'),
(3996, 1, 'Central Banat'),
(3997, 1, 'North Banat'),
(3998, 1, 'South Banat'),
(3999, 1, 'West Backa'),
(4000, 1, 'South Backa'),
(4001, 1, 'Srem'),
(4002, 1, 'Macva'),
(4003, 1, 'Kolubara'),
(4004, 1, 'Podunavlje'),
(4005, 1, 'Branicevo'),
(4006, 1, 'Šumadija'),
(4007, 1, 'Pomoravlje'),
(4008, 1, 'Bor'),
(4009, 1, 'Zajecar'),
(4010, 1, 'Zlatibor'),
(4011, 1, 'Moravica'),
(4012, 1, 'Raška'),
(4013, 1, 'Rasina'),
(4014, 1, 'Nišava'),
(4015, 1, 'Toplica'),
(4016, 1, 'Pirot'),
(4017, 1, 'Jablanica'),
(4018, 1, 'Pcinja'),
(4019, 1, 'Kosovo'),
(4020, 1, 'Bonaire'),
(4021, 1, 'Saba'),
(4022, 1, 'Sint Eustatius'),
(4023, 1, 'Central Equatoria'),
(4024, 1, 'Eastern Equatoria'),
(4025, 1, 'Jonglei'),
(4026, 1, 'Lakes'),
(4027, 1, 'Northern Bahr el-Ghazal'),
(4028, 1, 'Unity'),
(4029, 1, 'Upper Nile'),
(4030, 1, 'Warrap'),
(4031, 1, 'Western Bahr el-Ghazal'),
(4032, 1, 'Western Equatoria');

DELETE FROM `ac_zones` WHERE `zone_id` IN (3031,3033,3808,3809,3810,3811);
DELETE FROM `ac_zone_descriptions` WHERE `zone_id` IN (3031,3033,3808,3809,3810,3811);
